<?xml version="1.0" encoding="UTF-8"?>
<!DOCTYPE module PUBLIC "-//Puppy Crawl//DTD Check Configuration 1.3//EN" "http://www.puppycrawl.com/dtds/configuration_1_3.dtd">

<!--
    This configuration file was written by the eclipse-cs plugin configuration editor
-->
<!--
    Checkstyle-Configuration: beta2
    Description: none
    http://my.oschina.net/lijinzhao/blog/491187
-->
<module name="Checker">
<!--  <property name="severity" value="error"/> -->
  <property name="severity" value="warning"/>
  <property name="charset" value="UTF-8"/>
  <property name="fileExtensions" value="java"/>
  <module name="TreeWalker">

    <!-- 检查类有注释：author、version -->
    <module name="JavadocType">
      <property name="scope" value="package"/>
      <property name="authorFormat" value="^[\w.]+@.+?\.com$"/>
      <property name="versionFormat" value="1\.0"/>
    </module>

    <!-- 检查方法有注释 -->
    <module name="JavadocMethod">
      <property name="allowedAnnotations" value="Override,Test"/>
      <property name="scope" value="public"/>
      <property name="allowThrowsTagsForSubclasses" value="true"/>
      <property name="allowMissingParamTags" value="false"/>
      <property name="allowMissingThrowsTags" value="false"/>
      <property name="allowMissingReturnTag" value="false"/>
      <property name="allowMissingPropertyJavadoc" value="true"/>
      <property name="tokens" value="METHOD_DEF"/>
    </module>
    
    <!-- 检查命名规范，类名为^[A-Z][a-zA-Z0-9]*$，其它为^[a-z][a-zA-Z0-9]*$ -->
    <module name="PackageName"/>
    <module name="TypeName"/>
    <module name="MemberName"/>
    <module name="MethodName"/>
    <!-- static final字段名全部大写
    <module name="ConstantName"/> -->
    <module name="ParameterName"/>
    <module name="LocalVariableName">
      <property name="allowOneCharVarInForLoop" value="true"/>
      <property name="tokens" value="VARIABLE_DEF"/>
    </module>
    
    <!-- 代码缩进 -->
    <module name="Indentation">
      <property name="caseIndent" value="0"/>
      <property name="arrayInitIndent" value="8"/>
    </module>
    <!-- 需要大括号{} -->
    <module name="NeedBraces"/>
    <!-- 左大括号{设置 -->
    <module name="LeftCurly">
      <property name="maxLineLength" value="100"/>
    </module>
    <!-- 右大括号}设置 -->
    <module name="RightCurly">
      <property name="option" value="alone"/>
      <property name="tokens" value="CLASS_DEF, METHOD_DEF, CTOR_DEF, LITERAL_FOR, LITERAL_WHILE, LITERAL_DO, STATIC_INIT, INSTANCE_INIT"/>
    </module>

    <!-- 检查Unused Import -->
    <module name="UnusedImports"/>
    <!-- 检查数组类型的定义是String[] args，而不是String args[] -->
    <module name="ArrayTypeStyle"/>
    <!-- 检查并确保所有的常量中的L都是大写的。因为小写的字母l跟数字1太象了 -->
    <module name="UpperEll"/>
    <!-- 检查//TODO -->
    <module name="TodoComment">
      <property name="format" value="TODO"/>
    </module>

    <!-- 检查空语句; -->
    <module name="EmptyStatement"/>
    <!-- 检查空块{} -->
    <module name="EmptyBlock">
      <property name="option" value="text"/>
    </module>
    <!-- 检查空catch{} -->
    <module name="EmptyCatchBlock">
      <property name="exceptionVariableName" value="expected"/>
    </module>

    <!-- String类型不能用==或!=比较 -->
    <module name="StringLiteralEquality"/>
    <!-- 不能出现null.equals(...) -->
    <module name="EqualsAvoidNull"/>
    <!-- 检查打印语句 -->
    <module name="RegexpSinglelineJava">
      <property name="format" value="(\.printStackTrace\(\)|System\.\w+\.println\()"/>
      <property name="ignoreComments" value="true"/>
    </module>
    
  </module>
  
  <!-- 忽略文件检查 -->
  <module name="SuppressionFilter">
    <property name="file" value="${samedir}/checkstyle_suppress.xml"/>
  </module>
  
</module>
