{
  "annotations": {
    "list": [
      {
        "builtIn": 1,
        "datasource": {
          "type": "datasource",
          "uid": "grafana"
        },
        "enable": true,
        "hide": true,
        "iconColor": "rgba(0, 211, 255, 1)",
        "name": "Annotations & Alerts",
        "target": {
          "limit": 100,
          "matchAny": false,
          "tags": [],
          "type": "dashboard"
        },
        "type": "dashboard"
      }
    ]
  },
  "editable": true,
  "fiscalYearStartMonth": 0,
  "graphTooltip": 0,
  "id": 12,
  "links": [],
  "liveNow": false,
  "panels": [
    {
      "datasource": {
        "type": "loki",
        "uid": "Ozc9vvP7k"
      },
      "gridPos": {
        "h": 23,
        "w": 24,
        "x": 0,
        "y": 0
      },
      "id": 2,
      "options": {
        "dedupStrategy": "none",
        "enableLogDetails": false,
        "prettifyLogMessage": false,
        "showCommonLabels": false,
        "showLabels": false,
        "showTime": false,
        "sortOrder": "Descending",
        "wrapLogMessage": true
      },
      "pluginVersion": "8.4.3",
      "targets": [
        {
          "datasource": {
            "type": "loki",
            "uid": "ZWO7J4E7z"
          },
          "editorMode": "code",
          "expr": "{env=\"${env}\", job=\"kakfka_payinfo\"}|~\"(?i)$search\"",
          "queryType": "range",
          "refId": "A"
        }
      ],
      "transparent": true,
      "type": "logs"
    }
  ],
  "refresh": false,
  "schemaVersion": 37,
  "style": "dark",
  "tags": [],
  "templating": {
    "list": [
      {
        "allValue": "none",
        "current": {
          "selected": true,
          "text": "test",
          "value": "test"
        },
        "datasource": {
          "type": "loki",
          "uid": "Ozc9vvP7k"
        },
        "definition": "label_values(env)",
        "hide": 0,
        "includeAll": false,
        "label": "Env",
        "multi": false,
        "name": "env",
        "options": [],
        "query": "label_values(env)",
        "refresh": 1,
        "regex": "",
        "skipUrlSync": false,
        "sort": 0,
        "type": "query"
      },
      {
        "current": {
          "selected": true,
          "text": "",
          "value": ""
        },
        "hide": 0,
        "label": "Search",
        "name": "search",
        "options": [
          {
            "selected": true,
            "text": "",
            "value": ""
          }
        ],
        "query": "",
        "skipUrlSync": false,
        "type": "textbox"
      }
    ]
  },
  "time": {
    "from": "now-24h",
    "to": "now"
  },
  "timepicker": {
    "hidden": false
  },
  "timezone": "",
  "title": "Payment Info Logs",
  "uid": "Qer345ZRcv",
  "version": 6,
  "weekStart": ""
}